group,component_id,parameter_tag,units,value
component,AUXILLIARY,mass_auxilliary,kg,0.5
component,BACK_LEFT_PROPELLER,bl_propeller_num_blades,,2.0
component,BACK_LEFT_PROPELLER,bl_propeller_x_rot,deg,45.0
component,BACK_LEFT_PROPELLER,bl_propeller_y_rot,deg,0.0
component,BACK_LEFT_PROPELLER,bl_propeller_z_loc,m,0.04
component,BACK_LEFT_PROPELLER,bl_propeller_z_rot,deg,90.0
component,BACK_RIGHT_PROPELLER,br_propeller_num_blades,,2.0
component,BACK_RIGHT_PROPELLER,br_propeller_x_rot,deg,45.0
component,BACK_RIGHT_PROPELLER,br_propeller_y_rot,deg,0.0
component,BACK_RIGHT_PROPELLER,br_propeller_z_loc,m,0.04
component,BACK_RIGHT_PROPELLER,br_propeller_z_rot,deg,90.0
component,BATTERY,e_usable_battery,,0.85
component,BATTERY,energy_battery,Wh,202.4686666985284
component,BATTERY,energy_battery_stored,Wh,238.19843141003344
component,BATTERY,mass_battery,kg,1.3233246189446302
component,BATTERY,product_link_battery,,https://www.f1depo.com/urun/4s-4200mah-40c-lipo-batarya-14-8v-pil?srsltid=AfmBOoo0iWpsCtFiueq0ELTyeQZFcxRrrTi3pnkyqKOCUSfEiQR0FI6t
component,BATTERY,rho_battery,Wh/kg,180.0
component,CONFIGURATION,cg_xyz,,"(0.08023452705309855, 0.0, 0.0)"
component,CONFIGURATION,fuselages,,"[{'name': 'main_fuselage', 'length': 0.9854619809707297, 'fuselage_XLoc': -0.3904841039936195, 'fuselage_YLoc': 0.0, 'fuselage_ZLoc': -0.08958745281552087, 'XSec_0_XLoc': 0.0, 'XSec_1_XLoc': 0.2, 'XSec_2_XLoc': 0.85, 'XSec_3_XLoc': 1.0, 'XSec_0_ZLoc': 0.0, 'XSec_1_ZLoc': 0.0, 'XSec_2_ZLoc': 0.0, 'XSec_3_ZLoc': 0.0, 'XSec_0_w': 0.1, 'XSec_1_w': 0.2, 'XSec_2_w': 0.2, 'XSec_3_w': 0.12, 'XSec_0_h': 0.12, 'XSec_1_h': 0.22, 'XSec_2_h': 0.22, 'XSec_3_h': 0.14}, {'name': 'right_motor_boom', 'length': 1.4518338017759602, 'fuselage_XLoc': -0.32199977676448027, 'fuselage_YLoc': 0.49999948767370506, 'fuselage_ZLoc': 0.0, 'XSec_0_XLoc': 0.0, 'XSec_1_XLoc': 0.5, 'XSec_2_XLoc': 1.0, 'XSec_0_ZLoc': 0.0, 'XSec_1_ZLoc': 0.0, 'XSec_2_ZLoc': 0.0, 'XSec_0_w': 0.017917490563104176, 'XSec_1_w': 0.017917490563104176, 'XSec_2_w': 0.017917490563104176, 'XSec_0_h': 0.017917490563104176, 'XSec_1_h': 0.017917490563104176, 'XSec_2_h': 0.017917490563104176, 'RightLAngle': 0.0, 'TopLAngle': 0.0, 'RightLStrength': 1.0, 'TopLStrength': 1.0}, {'name': 'left_motor_boom', 'length': 1.4518338017759602, 'fuselage_XLoc': -0.32199977676448027, 'fuselage_YLoc': -0.49999948767370506, 'fuselage_ZLoc': 0.0, 'XSec_0_XLoc': 0.0, 'XSec_1_XLoc': 0.5, 'XSec_2_XLoc': 1.0, 'XSec_0_ZLoc': 0.0, 'XSec_1_ZLoc': 0.0, 'XSec_2_ZLoc': 0.0, 'XSec_0_w': 0.017917490563104176, 'XSec_1_w': 0.017917490563104176, 'XSec_2_w': 0.017917490563104176, 'XSec_0_h': 0.017917490563104176, 'XSec_1_h': 0.017917490563104176, 'XSec_2_h': 0.017917490563104176, 'RightLAngle': 0.0, 'TopLAngle': 0.0, 'RightLStrength': 1.0, 'TopLStrength': 1.0}]"
component,CONFIGURATION,props,,"[{'name': 'hover_FR_prop', 'diameter': 0.5199996279408005, 'num_blades': 2.0, 'x': -0.31199977676448026, 'y': 0.49999948767370506, 'z': 0.04, 'x_rot': 45.0, 'y_rot': 0.0, 'z_rot': 90.0}, {'name': 'hover_FL_prop', 'diameter': 0.5199996279408005, 'num_blades': 2.0, 'x': -0.31199977676448026, 'y': -0.49999948767370506, 'z': 0.04, 'x_rot': 45.0, 'y_rot': 0.0, 'z_rot': 90.0}, {'name': 'hover_BR_prop', 'diameter': 0.5199996279408005, 'num_blades': 2.0, 'x': 0.5909169939027799, 'y': 0.49999948767370506, 'z': 0.04, 'x_rot': 45.0, 'y_rot': 0.0, 'z_rot': 90.0}, {'name': 'hover_BL_prop', 'diameter': 0.5199996279408005, 'num_blades': 2.0, 'x': 0.5909169939027799, 'y': -0.49999948767370506, 'z': 0.04, 'x_rot': 45.0, 'y_rot': 0.0, 'z_rot': 90.0}, {'name': 'cruise_prop', 'diameter': 0.45999934740660964, 'num_blades': 2.0, 'x': 0.6349778769771102, 'y': 0, 'z': -0.08958745281552087, 'x_rot': 0.0, 'y_rot': 0.0, 'z_rot': 0.0}]"
component,CONFIGURATION,wings,,"[{'name': 'Main_Wing', 'S': 0.6944260047644284, 'AR': 8.999998446588828, 'taper': 0.8, 'sweep_deg': 1.0, 'x': 0.0, 'y': 0.0, 'z': 0.0, 'x_rot': 0.0, 'y_rot': 2.0, 'z_rot': 0.0, 'root_ThickChord': 0.09, 'root_Camber': 0.06, 'root_CamberLoc': 0.4, 'tip_ThickChord': 0.09, 'tip_Camber': 0.06, 'tip_CamberLoc': 0.4, 'ctrl_hinge': 0.2, 'ctrl_start': 0.5, 'ctrl_end': 0.9}, {'name': 'H_Stab', 'S': 0.07609080720668872, 'AR': 4.0, 'taper': 0.9, 'sweep_deg': 2.0, 'x': 0.8909168078731802, 'y': 0.49999948767370506, 'z': 0.0, 'x_rot': 45.0, 'y_rot': 0.0, 'z_rot': 0.0, 'root_ThickChord': 0.1, 'root_Camber': 0.04, 'root_CamberLoc': 0.4, 'tip_ThickChord': 0.1, 'tip_Camber': 0.04, 'tip_CamberLoc': 0.4, 'ctrl_hinge': 0.3, 'ctrl_start': 0.4, 'ctrl_end': 0.9}]"
component,CRUISE_BLDC,P_motor_cruise_bldc,W,1624.831630951336
component,CRUISE_BLDC,eta_elec_cruise_bldc,,0.95
component,CRUISE_BLDC,mass_cruise_bldc_per_rotor,kg,0.5416105436504453
component,CRUISE_BLDC,product_link_cruise_bldc,,
component,CRUISE_BLDC,rho_motor_cruise_bldc,W/kg,3000.0
component,CRUISE_PROPELLER,cruise_propeller_num_blades,,2.0
component,CRUISE_PROPELLER,cruise_propeller_offset,m,0.04
component,CRUISE_PROPELLER,cruise_propeller_x_rot,deg,0.0
component,CRUISE_PROPELLER,cruise_propeller_y_rot,deg,0.0
component,CRUISE_PROPELLER,cruise_propeller_z_loc,m,
component,CRUISE_PROPELLER,cruise_propeller_z_rot,deg,0.0
component,CRUISE_PROPELLER,eta_prop_cruise_propeller,,0.85
component,CRUISE_PROPELLER,num_rotors_cruise_propeller,,1.0
component,CRUISE_PROPELLER,radius_cruise_propeller,m,0.22999967370330482
component,CRUISE_PROPELLER,radius_cruise_propeller_bounds,m,"[0.0508, 0.25]"
component,FLIGHT_COMPUTER,mass_flight_computer,kg,0.08
component,FLIGHT_CONTROLLER,mass_flight_controller,kg,0.073
component,FRONT_LEFT_PROPELLER,fl_propeller_num_blades,,2.0
component,FRONT_LEFT_PROPELLER,fl_propeller_x_rot,deg,45.0
component,FRONT_LEFT_PROPELLER,fl_propeller_y_rot,deg,0.0
component,FRONT_LEFT_PROPELLER,fl_propeller_z_loc,m,0.04
component,FRONT_LEFT_PROPELLER,fl_propeller_z_rot,deg,90.0
component,FRONT_RIGHT_PROPELLER,fr_propeller_num_blades,,2.0
component,FRONT_RIGHT_PROPELLER,fr_propeller_x_rot,deg,45.0
component,FRONT_RIGHT_PROPELLER,fr_propeller_y_rot,deg,0.0
component,FRONT_RIGHT_PROPELLER,fr_propeller_z_loc,m,0.04
component,FRONT_RIGHT_PROPELLER,fr_propeller_z_rot,deg,90.0
component,FUEL_CELL,P_fc,W,2410.4262111454295
component,FUEL_CELL,eta_fc,,0.5
component,FUEL_CELL,mass_fuel_cell,kg,3.013032763931787
component,FUEL_CELL,rho_fc,W/kg,800.0
component,FUSELAGE,fuselage_XSec_0_XLoc,,0.0
component,FUSELAGE,fuselage_XSec_0_ZLoc,,0.0
component,FUSELAGE,fuselage_XSec_0_h,m,0.12
component,FUSELAGE,fuselage_XSec_0_w,m,0.1
component,FUSELAGE,fuselage_XSec_1_XLoc,,0.2
component,FUSELAGE,fuselage_XSec_1_ZLoc,,0.0
component,FUSELAGE,fuselage_XSec_1_h,m,0.22
component,FUSELAGE,fuselage_XSec_1_w,m,0.2
component,FUSELAGE,fuselage_XSec_2_XLoc,,0.85
component,FUSELAGE,fuselage_XSec_2_ZLoc,,0.0
component,FUSELAGE,fuselage_XSec_2_h,m,0.22
component,FUSELAGE,fuselage_XSec_2_w,m,0.2
component,FUSELAGE,fuselage_XSec_3_XLoc,,1.0
component,FUSELAGE,fuselage_XSec_3_ZLoc,,0.0
component,FUSELAGE,fuselage_XSec_3_h,m,0.14
component,FUSELAGE,fuselage_XSec_3_w,m,0.12
component,FUSELAGE,fuselage_l,m,0.9854619809707297
component,FUSELAGE,fuselage_w,m,0.17917490563104174
component,FUSELAGE,fuselage_x_loc,,
component,FUSELAGE,fuselage_y_loc,m,0.0
component,FUSELAGE,fuselage_z_loc,,
component,FUSELAGE,hover_rotor_clearance,m,0.01
component,FUSELAGE,motor_mount_extension,m,0.01
component,FUSELAGE,tank_l,m,0.44793726407760437
component,FUSELAGE,tank_w,m,
component,GH2_TANK,LHV_H2,Wh/kg,33330.0
component,GH2_TANK,P_tank,Pa,35000000.0
component,GH2_TANK,T_tank,K,293.0
component,GH2_TANK,Z_tank,,1.236
component,GH2_TANK,energy_h2_stored,Wh,6126.27835557709
component,GH2_TANK,gravimetric_index,,0.054
component,GH2_TANK,mass_hydrogen_fuel,kg,0.18380673134044676
component,GH2_TANK,mass_storage_system,kg,3.4038283581564213
component,GH2_TANK,tank_AR,,3.0
component,GH2_TANK,tank_d,m,0.14931242135920145
component,GH2_TANK,tank_l,m,0.44793726407760437
component,GH2_TANK,volume_tank_L,L,7.843302246829161
component,HOVER_BLDC,P_motor_hover_bldc,W,636.0846946078217
component,HOVER_BLDC,eta_elec_hover_bldc,,0.95
component,HOVER_BLDC,mass_hover_bldc_per_rotor,kg,0.21202823153594055
component,HOVER_BLDC,product_link_hover_bldc,,
component,HOVER_BLDC,rho_motor_hover_bldc,W/kg,3000.0
component,HOVER_PROPELLER,eta_prop_hover_propeller,,0.75
component,HOVER_PROPELLER,num_rotors_hover_propeller,,4.0
component,HOVER_PROPELLER,radius_hover_propeller,m,0.25999981397040023
component,HOVER_PROPELLER,radius_hover_propeller_bounds,m,"[0.0508, 0.28]"
component,MAIN_WING,AR_wing,,8.999998446588828
component,MAIN_WING,AR_wing_bounds,,"[6.0, 9.0]"
component,MAIN_WING,S_wing,m^2,0.6944260047644284
component,MAIN_WING,S_wing_bounds,m^2,"[0.35, 20.0]"
component,MAIN_WING,aileron_end,,0.9
component,MAIN_WING,aileron_hinge,,0.2
component,MAIN_WING,aileron_start,,0.5
component,MAIN_WING,b_wing,m,2.4999665926069374
component,MAIN_WING,b_wing_bounds,m,"[0.0, 2.5]"
component,MAIN_WING,e_wing,,0.85
component,MAIN_WING,root_CamberLoc_wing,,0.4
component,MAIN_WING,root_Camber_wing,,0.06
component,MAIN_WING,root_ThickChord_wing,,0.09
component,MAIN_WING,t_over_c_wing,,0.12
component,MAIN_WING,taper_ratio_wing,,0.8
component,MAIN_WING,theta_wing,deg,1.0
component,MAIN_WING,tip_CamberLoc_wing,,0.4
component,MAIN_WING,tip_Camber_wing,,0.06
component,MAIN_WING,tip_ThickChord_wing,,0.09
component,MAIN_WING,x_loc_wing,m,0.0
component,MAIN_WING,x_rot_wing,deg,0.0
component,MAIN_WING,y_loc_wing,m,0.0
component,MAIN_WING,y_rot_wing,deg,2.0
component,MAIN_WING,z_loc_wing,m,0.0
component,MAIN_WING,z_rot_wing,deg,0.0
component,MISSION,b_climb,,1.0
component,MISSION,b_cruise,,1.0
component,MISSION,e_trip,Wh,6364.476786987124
component,MISSION,g,m/s^2,9.81
component,MISSION,h_climb_start,m,100.0
component,MISSION,h_cruise,m,3000.0
component,MISSION,h_hover,m,100.0
component,MISSION,hybrid_batt_factor_climb,,0.1
component,MISSION,hybrid_batt_factor_cruise,,0.05
component,MISSION,hybrid_batt_factor_hover,,0.1
component,MISSION,range_cruise,km,550.0
component,MISSION,t_climb,min,11.835838710861635
component,MISSION,t_cruise,min,327.3809527788902
component,MISSION,t_hover,min,10.0
component,MISSION,t_trip,min,349.21679148975187
component,MISSION,theta_climb,deg,10.0
component,MISSION,vertical_climb_factor,,1.0
component,OPENVSP,analysis,,{'results_id': 'WNJFAJF'}
component,OPENVSP,debug,,{'fuselage_xsec_parms': []}
component,OPENVSP,geom_ids,,"{'fuselage': ['RXXHQRRHHU', 'XRQOLLPBZZ', 'RGXGQAVCIL'], 'wing': ['YZGKKQVRBU', 'MLFQWNFTTQ'], 'prop': ['SKYDIPZIUM', 'NCCGTMPBPV', 'XYRLJBBAXU', 'YTHUKRQPFF', 'THTDBAVFFD']}"
component,OPENVSP,notes,,['INFO: VSPAERO sweep uses wing geometry only; fuselages/props are hidden from the analysis set.']
component,OPENVSP,reference,,"{'Sref': 0.7705168119711171, 'Bref': 2.4999665926069374, 'Cref': 0.30821084339676347, 'cg': (0.08023452705309855, 0.0, 0.0)}"
component,OPENVSP,sweep_outputs,,"{'Alpha': [0.0, 1.0, 2.0], 'CL': [0.760174741999, 0.842131520573, 0.924097852737], 'CD': [0.041462855532, 0.050120514917, 0.05963740581], 'Cm': [-2.3092668e-05, -2.754952e-06, 1.373545e-06]}"
component,OPENVSP,vsp3_path,,vsp_runs\run_001\autotwin_aircraft.vsp3
component,OPTIMIZATION,best_idx,,0
component,OPTIMIZATION,best_objectives,,"{'energy_stored_onboard_Wh': 6364.476786987124, 't_trip_h': 5.8202798581625315}"
component,OPTIMIZATION,max_constraint_violation,,0.0
component,OPTIMIZATION,n_gen,,200
component,OPTIMIZATION,pareto_F,,"[[6.36447679e+03 5.82027986e+00]
 [6.89672506e+03 5.78869479e+00]
 [6.53872485e+03 5.80044013e+00]
 [6.36657941e+03 5.81881109e+00]
 [6.52440007e+03 5.80142778e+00]
 [6.37121979e+03 5.81775091e+00]
 [6.63446306e+03 5.79579018e+00]
 [6.36448177e+03 5.82027985e+00]
 [6.64848815e+03 5.79518026e+00]
 [6.41100502e+03 5.81108334e+00]
 [6.56143507e+03 5.79918148e+00]
 [6.37455706e+03 5.81683380e+00]
 [6.48040306e+03 5.80436550e+00]
 [6.38887874e+03 5.81474808e+00]
 [6.38584848e+03 5.81484541e+00]
 [6.60404298e+03 5.79711553e+00]
 [6.78912478e+03 5.79079750e+00]
 [6.81746479e+03 5.79013098e+00]
 [6.42943444e+03 5.80900846e+00]
 [6.76881229e+03 5.79137130e+00]
 [6.59268207e+03 5.79768012e+00]
 [6.61935225e+03 5.79641220e+00]
 [6.69940217e+03 5.79337278e+00]
 [6.38401091e+03 5.81559624e+00]
 [6.37748110e+03 5.81625148e+00]
 [6.40388467e+03 5.81212689e+00]
 [6.39050483e+03 5.81397036e+00]
 [6.38007226e+03 5.81575867e+00]
 [6.61241574e+03 5.79671516e+00]
 [6.41578536e+03 5.81067603e+00]
 [6.61044294e+03 5.79680477e+00]
 [6.79915439e+03 5.79058524e+00]
 [6.43755189e+03 5.80821963e+00]
 [6.69237435e+03 5.79372436e+00]
 [6.48626875e+03 5.80389186e+00]
 [6.75594247e+03 5.79187492e+00]
 [6.45544126e+03 5.80664659e+00]
 [6.80312333e+03 5.79048438e+00]
 [6.58510965e+03 5.79796287e+00]
 [6.84785000e+03 5.78961309e+00]
 [6.75914156e+03 5.79163269e+00]
 [6.44565079e+03 5.80732967e+00]
 [6.77655702e+03 5.79114294e+00]
 [6.56730311e+03 5.79898600e+00]
 [6.40821373e+03 5.81158146e+00]
 [6.68694387e+03 5.79399314e+00]
 [6.62245899e+03 5.79632470e+00]
 [6.42648033e+03 5.80943788e+00]
 [6.51488931e+03 5.80208568e+00]
 [6.42247068e+03 5.81005627e+00]
 [6.46906555e+03 5.80555750e+00]
 [6.85555076e+03 5.78939172e+00]
 [6.45840454e+03 5.80615437e+00]
 [6.55521775e+03 5.79954114e+00]
 [6.72795291e+03 5.79252799e+00]
 [6.81152877e+03 5.79038729e+00]
 [6.45052421e+03 5.80688506e+00]
 [6.55208785e+03 5.79982495e+00]
 [6.40204727e+03 5.81250078e+00]
 [6.47109632e+03 5.80517643e+00]
 [6.57768603e+03 5.79831390e+00]
 [6.43896915e+03 5.80791558e+00]
 [6.70844221e+03 5.79317407e+00]
 [6.86519143e+03 5.78918386e+00]
 [6.77131046e+03 5.79135512e+00]
 [6.36984136e+03 5.81822442e+00]
 [6.78161901e+03 5.79113919e+00]
 [6.42434795e+03 5.80965820e+00]
 [6.82532805e+03 5.79000765e+00]
 [6.60022223e+03 5.79732250e+00]
 [6.58271734e+03 5.79811953e+00]
 [6.40543247e+03 5.81175038e+00]
 [6.46590697e+03 5.80564283e+00]
 [6.36767956e+03 5.81841840e+00]
 [6.83727324e+03 5.78978797e+00]
 [6.43329331e+03 5.80884195e+00]
 [6.71984988e+03 5.79282335e+00]
 [6.52239026e+03 5.80143290e+00]
 [6.43454481e+03 5.80852860e+00]
 [6.66351453e+03 5.79470491e+00]
 [6.67274038e+03 5.79437868e+00]
 [6.73573167e+03 5.79238517e+00]
 [6.62762028e+03 5.79611399e+00]
 [6.81185221e+03 5.79026123e+00]
 [6.44205906e+03 5.80777821e+00]
 [6.73073629e+03 5.79242516e+00]
 [6.70996569e+03 5.79308492e+00]
 [6.50075047e+03 5.80288605e+00]
 [6.69172635e+03 5.79378470e+00]
 [6.51774102e+03 5.80172128e+00]
 [6.46350172e+03 5.80587632e+00]
 [6.74861771e+03 5.79187492e+00]
 [6.57133611e+03 5.79864452e+00]
 [6.56847623e+03 5.79878845e+00]
 [6.39821067e+03 5.81299481e+00]
 [6.51818006e+03 5.80169088e+00]
 [6.48985134e+03 5.80365518e+00]
 [6.44372919e+03 5.80759115e+00]
 [6.67662400e+03 5.79428131e+00]
 [6.87651575e+03 5.78899648e+00]
 [6.39202047e+03 5.81371157e+00]
 [6.50692464e+03 5.80252735e+00]
 [6.54544683e+03 5.80017031e+00]
 [6.47662150e+03 5.80478194e+00]
 [6.54379208e+03 5.80044007e+00]
 [6.45274303e+03 5.80667959e+00]
 [6.49461524e+03 5.80341716e+00]
 [6.88466040e+03 5.78886818e+00]
 [6.74523987e+03 5.79198041e+00]
 [6.70213837e+03 5.79332726e+00]
 [6.65223505e+03 5.79509044e+00]
 [6.49251539e+03 5.80365339e+00]
 [6.78523991e+03 5.79097552e+00]
 [6.39976453e+03 5.81260085e+00]
 [6.51062624e+03 5.80224872e+00]
 [6.72290780e+03 5.79270977e+00]
 [6.47309476e+03 5.80492659e+00]
 [6.83227182e+03 5.78986295e+00]
 [6.67881046e+03 5.79418382e+00]
 [6.50836022e+03 5.80246442e+00]
 [6.73953487e+03 5.79233054e+00]
 [6.57369850e+03 5.79851750e+00]
 [6.39873564e+03 5.81282007e+00]
 [6.46275676e+03 5.80604194e+00]
 [6.66644658e+03 5.79461941e+00]
 [6.59684639e+03 5.79766410e+00]
 [6.41836685e+03 5.81037829e+00]
 [6.71515144e+03 5.79297306e+00]
 [6.74088251e+03 5.79208950e+00]
 [6.83127481e+03 5.78993777e+00]
 [6.39706803e+03 5.81328582e+00]
 [6.49608257e+03 5.80333620e+00]
 [6.55479871e+03 5.79954114e+00]
 [6.87160518e+03 5.78910321e+00]
 [6.65592814e+03 5.79493984e+00]
 [6.63072805e+03 5.79598362e+00]
 [6.49995614e+03 5.80326152e+00]
 [6.54899669e+03 5.79997855e+00]
 [6.47838151e+03 5.80459766e+00]
 [6.48703774e+03 5.80389182e+00]
 [6.86018808e+03 5.78933136e+00]
 [6.88045563e+03 5.78890423e+00]
 [6.86209966e+03 5.78924264e+00]
 [6.57700006e+03 5.79849139e+00]
 [6.84548191e+03 5.78964365e+00]
 [6.75911703e+03 5.79163269e+00]
 [6.37535908e+03 5.81676043e+00]
 [6.71600925e+03 5.79296581e+00]
 [6.82653646e+03 5.78999998e+00]
 [6.50032266e+03 5.80312148e+00]
 [6.39553041e+03 5.81365353e+00]
 [6.51232014e+03 5.80218520e+00]
 [6.63249353e+03 5.79584479e+00]
 [6.78656905e+03 5.79091338e+00]
 [6.88721927e+03 5.78877710e+00]
 [6.68241605e+03 5.79402673e+00]
 [6.87173425e+03 5.78910314e+00]
 [6.38380496e+03 5.81569479e+00]
 [6.50306608e+03 5.80269286e+00]
 [6.66881643e+03 5.79443841e+00]
 [6.43343571e+03 5.80860633e+00]
 [6.44504627e+03 5.80739587e+00]
 [6.65963470e+03 5.79484377e+00]
 [6.68078683e+03 5.79402673e+00]
 [6.45984389e+03 5.80614540e+00]
 [6.65480626e+03 5.79503027e+00]
 [6.47265912e+03 5.80505375e+00]
 [6.84040706e+03 5.78970289e+00]
 [6.54388653e+03 5.80021346e+00]
 [6.84204299e+03 5.78970289e+00]
 [6.89156735e+03 5.78870513e+00]
 [6.39130214e+03 5.81395407e+00]
 [6.42548796e+03 5.80956289e+00]
 [6.39570283e+03 5.81351052e+00]
 [6.45052814e+03 5.80688503e+00]
 [6.54926649e+03 5.79993264e+00]
 [6.79966757e+03 5.79054295e+00]
 [6.85618311e+03 5.78934049e+00]
 [6.40701858e+03 5.81164797e+00]
 [6.50306103e+03 5.80269290e+00]
 [6.88895695e+03 5.78871902e+00]
 [6.87908048e+03 5.78898439e+00]
 [6.37648093e+03 5.81651598e+00]
 [6.36832436e+03 5.81826645e+00]
 [6.59794965e+03 5.79742079e+00]
 [6.66787453e+03 5.79447981e+00]
 [6.73990987e+03 5.79214157e+00]
 [6.89451916e+03 5.78869488e+00]
 [6.41949395e+03 5.81015304e+00]
 [6.65956278e+03 5.79484416e+00]
 [6.62858222e+03 5.79607930e+00]
 [6.64848967e+03 5.79518024e+00]
 [6.37645561e+03 5.81651598e+00]
 [6.59769143e+03 5.79749436e+00]
 [6.74740258e+03 5.79194906e+00]
 [6.39628214e+03 5.81335562e+00]
 [6.58431157e+03 5.79804199e+00]
 [6.72251830e+03 5.79271525e+00]
 [6.41877520e+03 5.81015306e+00]
 [6.47738383e+03 5.80464394e+00]]"
component,OPTIMIZATION,pareto_X,,"[[19.95895526  0.694426   27.99999997 ...  8.99999845  0.22999967
   0.25999981]
 [21.41220566  0.69443529 28.         ...  8.99999484  0.22999975
   0.25999907]
 [20.47436165  0.69444006 27.99999964 ...  8.99998261  0.22999813
   0.25999974]
 ...
 [20.96443368  0.69425069 27.99999985 ...  8.9999977   0.22999598
   0.25999994]
 [20.13450138  0.6943434  27.99999987 ...  8.99999556  0.22999971
   0.25999943]
 [20.30363992  0.69432027 27.99999856 ...  8.99999064  0.22999945
   0.25999998]]"
component,OPTIMIZATION,pareto_plot_block,,False
component,OPTIMIZATION,pareto_plot_path,,
component,OPTIMIZATION,pareto_set_size,,200
component,OPTIMIZATION,plot_pareto,,False
component,OPTIMIZATION,pop_size,,200
component,OPTIMIZATION,seed,,1
component,OPTIMIZATION,status,,ok
component,OPTIMIZATION,verbose,,True
component,PAYLOAD,mass_payload,kg,3.0
component,SERVO,mass_servo,kg,0.06
component,SERVO,mass_servos,kg,0.24
component,SERVO,num_servo,,4.0
component,SERVO,product_link_servo,,https://www.motorobit.com/emax-es08ma-ii-metal-disli-analog-servo-motor-180?gad_source=1&gad_campaignid=23220066671&gbraid=0AAAAADCrc1LB3nIZ2Al1a6B1j4FGTGCfi&gclid=Cj0KCQiA-YvMBhDtARIsAHZuUzKEoMkImSa57AMW1_RangqA_hGQVTp13_wwrlm3ledfSiuD48KrzroaAoMCEALw_wcB
component,STRUCTURES,mass_structures,kg,6.985634340031845
component,STRUCTURES,mass_structures_factor,,0.35
component,SYSTEM,CD0,,0.025
component,SYSTEM,CD_cruise,,0.05103799486452979
component,SYSTEM,CL_cruise,,0.7910599271559703
component,SYSTEM,CL_max,,1.6
component,SYSTEM,LD_cruise,,15.499431928226835
component,SYSTEM,MTOM,kg,19.958955257233843
component,SYSTEM,MTOM_bounds,kg,"[1.0, 25.0]"
component,SYSTEM,P_climb,W,1710.3490852119326
component,SYSTEM,P_cruise,W,454.85401650959056
component,SYSTEM,P_hover,W,2678.251345717144
component,SYSTEM,V_climb,m/s,23.516759576700878
component,SYSTEM,V_climb_bounds,m/s,"[15.0, 28.0]"
component,SYSTEM,V_cruise,m/s,27.99999996596546
component,SYSTEM,V_cruise_bounds,m/s,"[15.0, 28.0]"
component,SYSTEM,V_stall,m/s,19.68805128406841
component,SYSTEM,disk_loading,N/m^2,230.48935547767243
component,SYSTEM,energy_stored_onboard,Wh,6364.476786987124
component,SYSTEM,l_max,m,1.8
component,SYSTEM,max_length,m,1.8
component,SYSTEM,stall_margin,m/s,5.0
component,SYSTEM,tol_mass_kg,kg,0.05
component,SYSTEM,wing_loading,N/m^2,281.9556723540109
component,TAIL,AR_hstab,,4.0
component,TAIL,S_hstab,m^2,
component,TAIL,c_HT,,0.35
component,TAIL,c_hstab,,
component,TAIL,ctrl_end_hstab,,0.9
component,TAIL,ctrl_hinge_hstab,,0.3
component,TAIL,ctrl_start_hstab,,0.4
component,TAIL,elevator_end,,0.9
component,TAIL,elevator_hinge,,0.2
component,TAIL,elevator_start,,0.1
component,TAIL,eta_t_hstab,,0.9
component,TAIL,root_CamberLoc_hstab,,0.4
component,TAIL,root_Camber_hstab,,0.04
component,TAIL,root_ThickChord_hstab,,0.1
component,TAIL,static_margin_hstab,,0.25
component,TAIL,tail_rotor_clearance,,0.04
component,TAIL,tail_z_loc,m,0.14
component,TAIL,taper_ratio_hstab,,0.9
component,TAIL,theta_hstab,deg,2.0
component,TAIL,tip_CamberLoc_hstab,,0.4
component,TAIL,tip_Camber_hstab,,0.04
component,TAIL,tip_ThickChord_hstab,,0.1
component,TAIL,x_rot_hstab,deg,45.0
component,TAIL,y_rot_hstab,deg,0.0
component,TAIL,z_loc_hstab,m,0.0
component,TAIL,z_rot_hstab,deg,0.0
